Date Time,T (degC),p (mbar),rh (%),temp_lag_1,temp_lag_2,temp_lag_3,temp_lag_6,temp_lag_12,temp_lag_24,actual_next_hour_c
2015-10-17 15:00:00,7.433333333333334,991.8733333333333,88.23333333333333,7.551666666666667,7.538333333333334,7.5249999999999995,6.484999999999999,6.053333333333334,6.853333333333334,7.366666666666667
2015-10-17 16:00:00,7.366666666666667,991.9566666666666,90.03333333333335,7.433333333333334,7.551666666666667,7.538333333333334,7.126666666666666,5.866666666666667,6.786666666666666,7.041666666666667
2015-10-17 17:00:00,7.041666666666667,991.9483333333334,92.85000000000001,7.366666666666667,7.433333333333334,7.551666666666667,7.433333333333334,5.888333333333333,6.598333333333334,6.743333333333333
2015-10-17 18:00:00,6.743333333333333,992.0866666666667,93.68333333333334,7.041666666666667,7.366666666666667,7.433333333333334,7.5249999999999995,5.906666666666666,6.48,6.621666666666666
2015-10-17 19:00:00,6.621666666666666,992.19,95.18333333333334,6.743333333333333,7.041666666666667,7.366666666666667,7.538333333333334,5.976666666666667,6.358333333333333,6.541666666666667
2015-10-17 20:00:00,6.541666666666667,992.4016666666666,95.41666666666667,6.621666666666666,6.743333333333333,7.041666666666667,7.551666666666667,6.036666666666666,6.368333333333333,6.461666666666666
2015-10-17 21:00:00,6.461666666666666,992.5533333333333,95.63333333333333,6.541666666666667,6.621666666666666,6.743333333333333,7.433333333333334,6.484999999999999,6.395,6.428333333333334
2015-10-17 22:00:00,6.428333333333334,992.5100000000001,96.33333333333333,6.461666666666666,6.541666666666667,6.621666666666666,7.366666666666667,7.126666666666666,6.401666666666666,6.338333333333334
2015-10-17 23:00:00,6.338333333333334,992.2883333333334,96.75,6.428333333333334,6.461666666666666,6.541666666666667,7.041666666666667,7.433333333333334,6.428333333333334,6.1433333333333335
2015-10-18 00:00:00,6.1433333333333335,992.3083333333334,96.25,6.338333333333334,6.428333333333334,6.461666666666666,6.743333333333333,7.5249999999999995,6.378333333333333,6.271666666666666
2015-10-18 01:00:00,6.271666666666666,992.2783333333333,94.66666666666667,6.1433333333333335,6.338333333333334,6.428333333333334,6.621666666666666,7.538333333333334,6.378333333333333,5.988333333333333
2015-10-18 02:00:00,5.988333333333333,992.0783333333334,93.75,6.271666666666666,6.1433333333333335,6.338333333333334,6.541666666666667,7.551666666666667,6.3116666666666665,5.93
2015-10-18 03:00:00,5.93,991.7416666666667,93.16666666666667,5.988333333333333,6.271666666666666,6.1433333333333335,6.461666666666666,7.433333333333334,6.053333333333334,5.945
2015-10-18 04:00:00,5.945,991.65,93.68333333333334,5.93,5.988333333333333,6.271666666666666,6.428333333333334,7.366666666666667,5.866666666666667,5.88
2015-10-18 05:00:00,5.88,991.7183333333334,93.63333333333333,5.945,5.93,5.988333333333333,6.338333333333334,7.041666666666667,5.888333333333333,5.82
2015-10-18 06:00:00,5.82,991.7066666666666,94.48333333333333,5.88,5.945,5.93,6.1433333333333335,6.743333333333333,5.906666666666666,6.051666666666667
2015-10-18 07:00:00,6.051666666666667,992.07,95.16666666666667,5.82,5.88,5.945,6.271666666666666,6.621666666666666,5.976666666666667,6.031666666666666
2015-10-18 08:00:00,6.031666666666666,992.09,95.08333333333333,6.051666666666667,5.82,5.88,5.988333333333333,6.541666666666667,6.036666666666666,6.495
2015-10-18 09:00:00,6.495,992.3416666666667,93.11666666666667,6.031666666666666,6.051666666666667,5.82,5.93,6.461666666666666,6.484999999999999,6.878333333333334
2015-10-18 10:00:00,6.878333333333334,992.5300000000001,89.60000000000001,6.495,6.031666666666666,6.051666666666667,5.945,6.428333333333334,7.126666666666666,7.206666666666667
2015-10-18 11:00:00,7.206666666666667,992.4499999999999,86.28333333333335,6.878333333333334,6.495,6.031666666666666,5.88,6.338333333333334,7.433333333333334,7.565
2015-10-18 12:00:00,7.565,992.0166666666668,85.64999999999999,7.206666666666667,6.878333333333334,6.495,5.82,6.1433333333333335,7.5249999999999995,8.023333333333333
2015-10-18 13:00:00,8.023333333333333,991.665,82.8,7.565,7.206666666666667,6.878333333333334,6.051666666666667,6.271666666666666,7.538333333333334,9.018333333333333
2015-10-18 14:00:00,9.018333333333333,991.5483333333333,77.05,8.023333333333333,7.565,7.206666666666667,6.031666666666666,5.988333333333333,7.551666666666667,8.526666666666666
2015-10-18 15:00:00,8.526666666666666,991.6816666666667,79.10000000000001,9.018333333333333,8.023333333333333,7.565,6.495,5.93,7.433333333333334,8.03
2015-10-18 16:00:00,8.03,991.7983333333333,80.48333333333333,8.526666666666666,9.018333333333333,8.023333333333333,6.878333333333334,5.945,7.366666666666667,7.34
2015-10-18 17:00:00,7.34,991.8466666666667,84.03333333333333,8.03,8.526666666666666,9.018333333333333,7.206666666666667,5.88,7.041666666666667,6.765000000000001
2015-10-18 18:00:00,6.765000000000001,992.1683333333334,84.7,7.34,8.03,8.526666666666666,7.565,5.82,6.743333333333333,6.263333333333333
2015-10-18 19:00:00,6.263333333333333,992.4533333333334,86.96666666666665,6.765000000000001,7.34,8.03,8.023333333333333,6.051666666666667,6.621666666666666,5.95
2015-10-18 20:00:00,5.95,992.6283333333334,88.91666666666667,6.263333333333333,6.765000000000001,7.34,9.018333333333333,6.031666666666666,6.541666666666667,5.555
2015-10-18 21:00:00,5.555,992.9250000000001,91.83333333333333,5.95,6.263333333333333,6.765000000000001,8.526666666666666,6.495,6.461666666666666,5.458333333333333
2015-10-18 22:00:00,5.458333333333333,993.0716666666667,92.03333333333332,5.555,5.95,6.263333333333333,8.03,6.878333333333334,6.428333333333334,5.325
2015-10-18 23:00:00,5.325,992.9,91.76666666666667,5.458333333333333,5.555,5.95,7.34,7.206666666666667,6.338333333333334,5.201666666666667
2015-10-19 00:00:00,5.201666666666667,992.875,94.21666666666665,5.325,5.458333333333333,5.555,6.765000000000001,7.565,6.1433333333333335,4.94
2015-10-19 01:00:00,4.94,992.7283333333334,93.96666666666665,5.201666666666667,5.325,5.458333333333333,6.263333333333333,8.023333333333333,6.271666666666666,4.763333333333333
2015-10-19 02:00:00,4.763333333333333,992.9666666666667,93.5,4.94,5.201666666666667,5.325,5.95,9.018333333333333,5.988333333333333,4.333333333333333
2015-10-19 03:00:00,4.333333333333333,992.945,95.10000000000001,4.763333333333333,4.94,5.201666666666667,5.555,8.526666666666666,5.93,4.135
2015-10-19 04:00:00,4.135,993.0766666666667,92.91666666666667,4.333333333333333,4.763333333333333,4.94,5.458333333333333,8.03,5.945,3.766666666666667
2015-10-19 05:00:00,3.766666666666667,993.1666666666666,94.46666666666665,4.135,4.333333333333333,4.763333333333333,5.325,7.34,5.88,3.473333333333333
2015-10-19 06:00:00,3.473333333333333,993.4666666666667,96.56666666666666,3.766666666666667,4.135,4.333333333333333,5.201666666666667,6.765000000000001,5.82,3.67
2015-10-19 07:00:00,3.67,993.745,97.01666666666667,3.473333333333333,3.766666666666667,4.135,4.94,6.263333333333333,6.051666666666667,3.901666666666667
2015-10-19 08:00:00,3.901666666666667,994.02,96.25,3.67,3.473333333333333,3.766666666666667,4.763333333333333,5.95,6.031666666666666,4.403333333333333
2015-10-19 09:00:00,4.403333333333333,994.2199999999999,95.18333333333334,3.901666666666667,3.67,3.473333333333333,4.333333333333333,5.555,6.495,5.075
2015-10-19 10:00:00,5.075,994.3066666666667,93.51666666666667,4.403333333333333,3.901666666666667,3.67,4.135,5.458333333333333,6.878333333333334,6.114999999999999
2015-10-19 11:00:00,6.114999999999999,994.3066666666667,90.3,5.075,4.403333333333333,3.901666666666667,3.766666666666667,5.325,7.206666666666667,7.308333333333334
2015-10-19 12:00:00,7.308333333333334,994.0783333333334,86.55,6.114999999999999,5.075,4.403333333333333,3.473333333333333,5.201666666666667,7.565,7.458333333333333
2015-10-19 13:00:00,7.458333333333333,993.8983333333332,84.06666666666666,7.308333333333334,6.114999999999999,5.075,3.67,4.94,8.023333333333333,7.416666666666667
2015-10-19 14:00:00,7.416666666666667,993.7399999999999,83.23333333333333,7.458333333333333,7.308333333333334,6.114999999999999,3.901666666666667,4.763333333333333,9.018333333333333,7.478333333333333
2015-10-19 15:00:00,7.478333333333333,993.5799999999999,80.21666666666667,7.416666666666667,7.458333333333333,7.308333333333334,4.403333333333333,4.333333333333333,8.526666666666666,7.348333333333334
2015-10-19 16:00:00,7.348333333333334,993.695,80.21666666666667,7.478333333333333,7.416666666666667,7.458333333333333,5.075,4.135,8.03,7.055
2015-10-19 17:00:00,7.055,993.6533333333333,83.38333333333334,7.348333333333334,7.478333333333333,7.416666666666667,6.114999999999999,3.766666666666667,7.34,6.986666666666667
2015-10-19 18:00:00,6.986666666666667,993.8533333333334,83.93333333333334,7.055,7.348333333333334,7.478333333333333,7.308333333333334,3.473333333333333,6.765000000000001,7.126666666666666
2015-10-19 19:00:00,7.126666666666666,994.1083333333332,83.2,6.986666666666667,7.055,7.348333333333334,7.458333333333333,3.67,6.263333333333333,6.9383333333333335
2015-10-19 20:00:00,6.9383333333333335,994.1616666666665,85.03333333333333,7.126666666666666,6.986666666666667,7.055,7.416666666666667,3.901666666666667,5.95,6.713333333333334
2015-10-19 21:00:00,6.713333333333334,994.1066666666666,87.36666666666667,6.9383333333333335,7.126666666666666,6.986666666666667,7.478333333333333,4.403333333333333,5.555,6.395
2015-10-19 22:00:00,6.395,994.0233333333334,91.41666666666667,6.713333333333334,6.9383333333333335,7.126666666666666,7.348333333333334,5.075,5.458333333333333,6.246666666666667
2015-10-19 23:00:00,6.246666666666667,993.82,95.01666666666667,6.395,6.713333333333334,6.9383333333333335,7.055,6.114999999999999,5.325,6.378333333333333
2015-10-20 00:00:00,6.378333333333333,993.8216666666667,94.88333333333333,6.246666666666667,6.395,6.713333333333334,6.986666666666667,7.308333333333334,5.201666666666667,6.326666666666667
2015-10-20 01:00:00,6.326666666666667,993.7916666666666,96.36666666666667,6.378333333333333,6.246666666666667,6.395,7.126666666666666,7.458333333333333,4.94,6.453333333333333
2015-10-20 02:00:00,6.453333333333333,993.7283333333334,96.61666666666667,6.326666666666667,6.378333333333333,6.246666666666667,6.9383333333333335,7.416666666666667,4.763333333333333,6.348333333333334
2015-10-20 03:00:00,6.348333333333334,993.66,96.8,6.453333333333333,6.326666666666667,6.378333333333333,6.713333333333334,7.478333333333333,4.333333333333333,6.531666666666666
2015-10-20 04:00:00,6.531666666666666,993.5633333333334,97.66666666666667,6.348333333333334,6.453333333333333,6.326666666666667,6.395,7.348333333333334,4.135,6.613333333333333
2015-10-20 05:00:00,6.613333333333333,993.4766666666666,97.41666666666667,6.531666666666666,6.348333333333334,6.453333333333333,6.246666666666667,7.055,3.766666666666667,6.788333333333334
2015-10-20 06:00:00,6.788333333333334,993.2416666666667,96.8,6.613333333333333,6.531666666666666,6.348333333333334,6.378333333333333,6.986666666666667,3.473333333333333,6.8183333333333325
2015-10-20 07:00:00,6.8183333333333325,993.3000000000001,96.86666666666667,6.788333333333334,6.613333333333333,6.531666666666666,6.326666666666667,7.126666666666666,3.67,7.226666666666667
2015-10-20 08:00:00,7.226666666666667,993.4366666666666,96.91666666666667,6.8183333333333325,6.788333333333334,6.613333333333333,6.453333333333333,6.9383333333333335,3.901666666666667,7.553333333333334
2015-10-20 09:00:00,7.553333333333334,993.6733333333333,96.76666666666667,7.226666666666667,6.8183333333333325,6.788333333333334,6.348333333333334,6.713333333333334,4.403333333333333,7.921666666666667
2015-10-20 10:00:00,7.921666666666667,993.7816666666666,96.96666666666665,7.553333333333334,7.226666666666667,6.8183333333333325,6.531666666666666,6.395,5.075,8.128333333333334
2015-10-20 11:00:00,8.128333333333334,993.8333333333334,96.23333333333333,7.921666666666667,7.553333333333334,7.226666666666667,6.613333333333333,6.246666666666667,6.114999999999999,8.4
2015-10-20 12:00:00,8.4,993.745,94.71666666666665,8.128333333333334,7.921666666666667,7.553333333333334,6.788333333333334,6.378333333333333,7.308333333333334,8.546666666666667
2015-10-20 13:00:00,8.546666666666667,993.7333333333332,93.5,8.4,8.128333333333334,7.921666666666667,6.8183333333333325,6.326666666666667,7.458333333333333,8.486666666666666
2015-10-20 14:00:00,8.486666666666666,993.5749999999999,93.36666666666667,8.546666666666667,8.4,8.128333333333334,7.226666666666667,6.453333333333333,7.416666666666667,8.5
2015-10-20 15:00:00,8.5,993.7283333333334,94.11666666666667,8.486666666666666,8.546666666666667,8.4,7.553333333333334,6.348333333333334,7.478333333333333,8.496666666666668
2015-10-20 16:00:00,8.496666666666668,994.0666666666666,94.73333333333333,8.5,8.486666666666666,8.546666666666667,7.921666666666667,6.531666666666666,7.348333333333334,8.334999999999999
2015-10-20 17:00:00,8.334999999999999,994.445,94.95,8.496666666666668,8.5,8.486666666666666,8.128333333333334,6.613333333333333,7.055,8.168333333333333
2015-10-20 18:00:00,8.168333333333333,994.7950000000001,95.23333333333333,8.334999999999999,8.496666666666668,8.5,8.4,6.788333333333334,6.986666666666667,8.123333333333333
2015-10-20 19:00:00,8.123333333333333,994.9816666666666,93.98333333333333,8.168333333333333,8.334999999999999,8.496666666666668,8.546666666666667,6.8183333333333325,7.126666666666666,8.125
2015-10-20 20:00:00,8.125,995.0583333333334,94.14999999999999,8.123333333333333,8.168333333333333,8.334999999999999,8.486666666666666,7.226666666666667,6.9383333333333335,8.068333333333333
2015-10-20 21:00:00,8.068333333333333,995.1916666666666,93.91666666666667,8.125,8.123333333333333,8.168333333333333,8.5,7.553333333333334,6.713333333333334,7.738333333333333
2015-10-20 22:00:00,7.738333333333333,995.19,94.53333333333335,8.068333333333333,8.125,8.123333333333333,8.496666666666668,7.921666666666667,6.395,7.551666666666667
2015-10-20 23:00:00,7.551666666666667,995.0,94.8,7.738333333333333,8.068333333333333,8.125,8.334999999999999,8.128333333333334,6.246666666666667,7.52
2015-10-21 00:00:00,7.52,994.8433333333332,94.36666666666667,7.551666666666667,7.738333333333333,8.068333333333333,8.168333333333333,8.4,6.378333333333333,7.34
2015-10-21 01:00:00,7.34,994.8016666666666,94.16666666666667,7.52,7.551666666666667,7.738333333333333,8.123333333333333,8.546666666666667,6.326666666666667,7.256666666666667
2015-10-21 02:00:00,7.256666666666667,994.6433333333333,93.88333333333333,7.34,7.52,7.551666666666667,8.125,8.486666666666666,6.453333333333333,7.151666666666667
2015-10-21 03:00:00,7.151666666666667,994.515,93.46666666666665,7.256666666666667,7.34,7.52,8.068333333333333,8.5,6.348333333333334,6.956666666666667
2015-10-21 04:00:00,6.956666666666667,994.4533333333334,93.13333333333333,7.151666666666667,7.256666666666667,7.34,7.738333333333333,8.496666666666668,6.531666666666666,6.958333333333333
2015-10-21 05:00:00,6.958333333333333,994.3316666666666,92.68333333333334,6.956666666666667,7.151666666666667,7.256666666666667,7.551666666666667,8.334999999999999,6.613333333333333,6.988333333333333
2015-10-21 06:00:00,6.988333333333333,994.06,91.7,6.958333333333333,6.956666666666667,7.151666666666667,7.52,8.168333333333333,6.788333333333334,6.9316666666666675
2015-10-21 07:00:00,6.9316666666666675,994.1133333333333,92.21666666666665,6.988333333333333,6.958333333333333,6.956666666666667,7.34,8.123333333333333,6.8183333333333325,7.13
2015-10-21 08:00:00,7.13,994.2766666666666,92.05,6.9316666666666675,6.988333333333333,6.958333333333333,7.256666666666667,8.125,7.226666666666667,7.986666666666667
2015-10-21 09:00:00,7.986666666666667,994.1833333333334,87.33333333333333,7.13,6.9316666666666675,6.988333333333333,7.151666666666667,8.068333333333333,7.553333333333334,8.643333333333333
2015-10-21 10:00:00,8.643333333333333,994.0749999999999,81.64999999999999,7.986666666666667,7.13,6.9316666666666675,6.956666666666667,7.738333333333333,7.921666666666667,9.108333333333333
2015-10-21 11:00:00,9.108333333333333,994.1266666666667,79.88333333333333,8.643333333333333,7.986666666666667,7.13,6.958333333333333,7.551666666666667,8.128333333333334,9.251666666666667
2015-10-21 12:00:00,9.251666666666667,993.7916666666666,80.75,9.108333333333333,8.643333333333333,7.986666666666667,6.988333333333333,7.52,8.4,9.445
2015-10-21 13:00:00,9.445,993.3683333333333,78.51666666666667,9.251666666666667,9.108333333333333,8.643333333333333,6.9316666666666675,7.34,8.546666666666667,9.821666666666667
2015-10-21 14:00:00,9.821666666666667,992.855,76.16666666666667,9.445,9.251666666666667,9.108333333333333,7.13,7.256666666666667,8.486666666666666,9.99
2015-10-21 15:00:00,9.99,992.465,77.60000000000001,9.821666666666667,9.445,9.251666666666667,7.986666666666667,7.151666666666667,8.5,9.528333333333334
2015-10-21 16:00:00,9.528333333333334,992.4416666666666,79.01666666666667,9.99,9.821666666666667,9.445,8.643333333333333,6.956666666666667,8.496666666666668,8.99
2015-10-21 17:00:00,8.99,992.4533333333334,82.35000000000001,9.528333333333334,9.99,9.821666666666667,9.108333333333333,6.958333333333333,8.334999999999999,8.568333333333333
2015-10-21 18:00:00,8.568333333333333,992.3299999999999,86.75,8.99,9.528333333333334,9.99,9.251666666666667,6.988333333333333,8.168333333333333,8.083333333333334
